{"recvae_r20": 0.6903935954531875, "_timestamp": 1687239102.193213, "_runtime": 551.7848370075226, "_step": 9, "_wandb": {"runtime": 560}}