{"recvae_r20": 0.6903935954531875, "_timestamp": 1687241503.950423, "_runtime": 543.7330510616302, "_step": 9, "_wandb": {"runtime": 543}}